{"cameraMode":{"drawMode":0,"name":"Shaded","section":"Shading Mode"},"sceneLighting":true,"audioPlay":false,"sceneViewState":{"m_AlwaysRefresh":false,"showFog":true,"showSkybox":true,"showFlares":true,"showImageEffects":true,"showParticleSystems":true,"showVisualEffectGraphs":true,"m_FxEnabled":true},"in2DMode":false,"pivot":{"x":-0.34525561332702639,"y":-0.4162124991416931,"z":1.5060213804244996},"rotation":{"x":0.07619822025299072,"y":-0.3874858319759369,"z":0.03220227360725403,"w":0.9182736873626709},"size":0.7887439131736755,"orthographic":false}