{"cameraMode":{"drawMode":0,"name":"Shaded","section":"Shading Mode"},"sceneLighting":true,"audioPlay":false,"sceneViewState":{"m_AlwaysRefresh":false,"showFog":true,"showSkybox":true,"showFlares":true,"showImageEffects":true,"showParticleSystems":true,"showVisualEffectGraphs":true,"m_FxEnabled":true},"in2DMode":false,"pivot":{"x":27.156864166259767,"y":-12.980758666992188,"z":73.42057037353516},"rotation":{"x":-0.12163342535495758,"y":-0.21571755409240724,"z":0.026699529960751535,"w":-0.9688776135444641},"size":49.99586486816406,"orthographic":false}