{"cameraMode":{"drawMode":0,"name":"Shaded","section":"Shading Mode"},"sceneLighting":true,"audioPlay":false,"sceneViewState":{"m_AlwaysRefresh":false,"showFog":true,"showSkybox":true,"showFlares":true,"showImageEffects":true,"showParticleSystems":true,"showVisualEffectGraphs":true,"m_FxEnabled":true},"in2DMode":false,"pivot":{"x":-5.561607837677002,"y":7.9935688972473148,"z":-1.9837076663970948},"rotation":{"x":-0.05199243873357773,"y":0.7328753471374512,"z":-0.05644800141453743,"w":-0.6762237548828125},"size":3.2124879360198976,"orthographic":false}